listing_id,mahalle,net_sqm,building_age,price,tahmin_M,kat
26825-959,Adalar / Nizam,180.0,35.0,10.0,22.15674272386037,2.2156742723860354
134003-70,Adalar / Nizam,550.0,40.0,20.0,49.62309401261258,2.481154700630632
145537-636,Arnavutköy / Diğer,85.0,0.0,2.65,5.922068292521159,2.2347427518947756
148952-242,Arnavutköy / Hadımköy,80.0,0.0,1.745,3.4956835353882587,2.0032570403371133
152568-13,Arnavutköy / Diğer,70.0,0.0,1.275,3.612293747390741,2.833171566580972
163103-94,Arnavutköy / Diğer,72.0,0.0,1.6,3.372237139476926,2.1076482121730775
152568-12,Arnavutköy / Diğer,70.0,0.0,1.65,4.254329641590075,2.5783816009636777
152568-5,Arnavutköy / Diğer,80.0,0.0,1.65,3.931824720338027,2.382924072932134
58568-7805,Ataşehir / Diğer,250.0,26.0,4.5,10.005224969703024,2.223383326600672
65936-12577,Avcılar / Ambarlı,100.0,7.0,1.95,4.941061308524255,2.5338775941150007
66881-955,Avcılar / Ambarlı,113.0,0.0,3.3,6.9086731231217025,2.09353731003688
65936-12674,Avcılar / Cihangir,89.0,0.0,2.0,5.138929693062877,2.569464846531435
65936-12739,Avcılar / Cihangir,90.0,0.0,2.5,5.0149197180555065,2.0059678872222015
65936-12741,Avcılar / Cihangir,95.0,0.0,2.64,5.306604517073723,2.0100774685885296
65936-12730,Avcılar / Denizköşkler,90.0,0.0,2.5,5.698571294679451,2.279428517871779
65936-12726,Avcılar / Denizköşkler,95.0,0.0,2.8,5.749907953750724,2.053538554910972
68600-1566,Avcılar / Firuzköy,110.0,2.0,3.7,7.44990880199593,2.013488865404306
65936-12733,Avcılar / Merkez,85.0,0.0,2.62,5.797818736279875,2.212907914610638
65936-12574,Avcılar / Mustafa Kemal Paşa,100.0,6.0,2.0,4.10742851001783,2.053714255008912
65936-12723,Avcılar / Üniversite,65.0,0.0,2.1,4.452792462194987,2.120377362949994
65936-12727,Avcılar / Üniversite,90.0,0.0,2.6,5.409709639950751,2.0806575538272125
65936-12719,Avcılar / Üniversite,95.0,0.0,2.77,5.640738478698247,2.036367681840526
65936-12722,Avcılar / Üniversite,95.0,0.0,2.87,5.845281348082499,2.036683396544424
141464-471,Bakırköy / Yeşilköy,280.0,31.0,32.0,82.49424237274503,2.577945074148278
2237-4790,Bakırköy / Yeşilyurt,260.0,25.0,21.5,58.378693730666136,2.7152880804960975
2237-4806,Bakırköy / Yeşilyurt,220.0,21.0,21.5,46.8200161683256,2.177675170619794
2237-4854,Bakırköy / Yeşilyurt,320.0,11.0,45.0,99.01933869442176,2.200429748764926
140941-107,Bakırköy / Şenlikköy,90.0,0.0,10.25,20.903531954146917,2.039368971136284
0-46195364,Bayrampaşa / Kocatepe,44.0,0.0,3.199,8.020730756547096,2.5072618807587035
149028-26,Bağcılar / Güneşli,55.0,26.0,1.59,3.1912326671693,2.007064570546728
75964-2985,Başakşehir / Bahçeşehir 2. Kısım,75.0,6.0,1.249,2.6033441704788265,2.084342810631567
75964-2870,Başakşehir / Bahçeşehir 2. Kısım,55.0,6.0,1.58,3.5695045229764673,2.259180077833207
92941-5867,Başakşehir / Bahçeşehir 2. Kısım,220.0,25.0,4.6,10.472274413973715,2.276581394342111
163745-21,Başakşehir / Kayabaşı,105.0,0.0,5.75,14.120640032254434,2.455763483870338
163745-8,Başakşehir / Kayabaşı,102.0,0.0,5.75,12.711709492328126,2.2107320856222845
163745-7,Başakşehir / Kayabaşı,102.0,0.0,5.85,12.60472966995519,2.1546546444367842
40658-21627,Başakşehir / Ziya Gökalp,95.0,0.0,4.54,9.900304731404605,2.18068386154286
139432-116,Beykoz / Acarlar,160.0,21.0,10.75,22.780507333558802,2.119116961261286
81452-517,Beykoz / Soğuksu,265.0,21.0,26.95,60.9312494983078,2.26089979585558
0-46267847,Beykoz / Diğer,450.0,35.0,22.5,129.3958266845532,5.750925630424591
0-45935566,Beykoz / Diğer,70.0,30.0,2.45,5.243660415452589,2.1402695573275867
151807-113,Beylikdüzü / Adnan Kahveci,76.0,4.0,1.625,3.9624054340742485,2.4384033440456903
137998-260,Beylikdüzü / Adnan Kahveci,90.0,0.0,2.34,5.252604364494942,2.2447027198696343
151807-111,Beylikdüzü / Büyükşehir,80.0,4.0,1.05,4.899104298437185,4.665813617559225
151807-99,Beylikdüzü / Büyükşehir,80.0,6.0,1.35,4.563280635982016,3.380207878505197
151807-103,Beylikdüzü / Büyükşehir,125.0,3.0,2.048,6.485562504730691,3.1667785667630306
151807-74,Beylikdüzü / Cumhuriyet,85.0,0.0,1.47,3.50786955692768,2.3863058210392367
132217-690,Beylikdüzü / Cumhuriyet,140.0,6.0,1.55,3.3894286087092365,2.186728134651122
151807-96,Beylikdüzü / Kavaklı,95.0,2.0,1.746,4.8045119906546585,2.7517250805582276
151807-101,Beylikdüzü / Kavaklı,100.0,2.0,1.79,5.293225546318129,2.9571092437531368
151807-108,Beylikdüzü / Kavaklı,130.0,9.0,1.816,6.148968668273301,3.385995962705558
151807-112,Beylikdüzü / Kavaklı,95.0,3.0,1.84,4.963352852439127,2.6974743763256144
151807-115,Beylikdüzü / Kavaklı,100.0,3.0,2.1,4.943229379147372,2.35391875197494
151807-89,Beylikdüzü / Kavaklı,125.0,3.0,3.2,6.796908377833039,2.1240338680728232
34320-1265,Beylikdüzü / Marmara,180.0,24.0,6.999999,19.01887488663303,2.716982514802218
34320-1269,Beylikdüzü / Marmara,180.0,23.0,6.999999,15.625265090554054,2.2321810461050124
144105-226,Beyoğlu / Diğer,160.0,0.0,9.7,33.63037540926474,3.4670490112644115
18215-9286,Beyoğlu / Diğer,200.0,31.0,15.0,30.44905373051879,2.0299369153679194
21925-1630,Beyoğlu / Kılıçali Paşa,40.0,65.0,2.2,5.402311393299469,2.455596087863394
1361-17536,Beyoğlu / Ömer Avni,190.0,50.0,12.0,29.135767812262582,2.4279806510218798
6522-2446,Beşiktaş / Akat,110.0,4.0,16.5,35.3899000112133,2.144842424922017
2257-3895,Beşiktaş / Akat,135.0,28.0,17.25,35.15322685717012,2.0378682236040637
121012-400,Beşiktaş / Akat,300.0,30.0,65.0,163.76738517065306,2.5194982333946663
97134-1773,Beşiktaş / Arnavutköy,80.0,22.0,8.0,18.119886583399573,2.2649858229249467
5868-605,Beşiktaş / Dikilitaş,190.0,11.0,15.0,30.174721825600617,2.011648121706708
121012-709,Beşiktaş / Mecidiye,70.0,5.0,4.035,9.157332994949172,2.269475339516529
113746-502,Beşiktaş / Ortaköy,220.0,21.0,13.7,47.158977782817075,3.4422611520304387
72634-1165,Beşiktaş / Ulus,230.0,26.0,16.5,37.66480851649161,2.2827156676661566
57920-2200,Beşiktaş / Vişnezade,95.0,44.0,7.4,15.163140167036774,2.0490729955455107
63404-1183,Beşiktaş / Yıldız,130.0,40.0,10.0,20.826247009525105,2.082624700952509
145537-634,Esenler / 15 Temmuz,45.0,0.0,3.07421,6.263558411656217,2.0374530079780566
146600-123,Esenyurt / Barbaros Hayrettin Paşa,83.0,7.0,1.59,3.195371324553139,2.0096674997189536
125785-584,Esenyurt / Cumhuriyet,150.0,0.0,1.255,2.6581561731041434,2.1180527275730214
125785-583,Esenyurt / Cumhuriyet,145.0,0.0,1.342,3.551142299990243,2.646156706401077
125785-547,Esenyurt / Cumhuriyet,130.0,0.0,1.345,2.7384527610408016,2.036024357651154
125611-745,Esenyurt / Fatih,120.0,10.0,1.295,2.6019169849007935,2.009202304942697
146600-135,Esenyurt / Gökevler,40.0,7.0,0.999,2.084684292100541,2.086771063163706
0-46034549,Esenyurt / Gökevler,45.0,17.0,1.15,2.5079010879304624,2.180783554722145
0-46004854,Esenyurt / Gökevler,70.0,10.0,1.45,3.3237284829875167,2.2922265399913893
146600-134,Esenyurt / Gökevler,89.0,5.0,1.69,3.452148178101106,2.0426912296456248
125785-586,Esenyurt / Güzelyurt,110.0,2.0,2.05,4.121326511962332,2.0104031765669923
10227-19822,Esenyurt / Koza,60.0,11.0,1.5,3.599504664777893,2.3996697765185937
125785-610,Esenyurt / Mehmet Akif Ersoy,100.0,0.0,1.49,3.101532086434987,2.081565158681199
125785-631,Esenyurt / Mevlana,120.0,1.0,1.499,4.654259682014256,3.1049097278280544
111753-2623,Esenyurt / Talatpaşa,70.0,6.0,0.99,2.0582464897731363,2.079036858356704
151807-80,Esenyurt / Zafer,80.0,6.0,1.683,3.3916985209841903,2.015269471767193
125611-762,Esenyurt / Üçevler,180.0,10.0,1.65,4.476585322690224,2.713082013751647
151807-105,Esenyurt / İnönü,80.0,8.0,1.143,2.4086252973601106,2.1072837247245055
128957-371,Fatih / Ayvansaray,150.0,26.0,4.0,8.464408792252275,2.116102198063069
139911-2,Fatih / Derviş Ali,151.0,30.0,2.3,6.690549395280524,2.908934519687184
133258-429,Fatih / Seyyid Ömer,110.0,45.0,2.35,5.685391396863119,2.419315488026853
128703-147,Güngören / Haznedar,90.0,41.0,2.8,5.820505206348502,2.078751859410178
164742-16,Güngören / Mareşal Çakmak,90.0,0.0,2.95,7.074106299444387,2.3980021354048784
6580-416,Kağıthane / Hamidiye,82.0,4.0,8.0,16.433647391086215,2.054205923885777
56397-1780,Kağıthane / Hürriyet,150.0,7.0,3.6,7.271948244116704,2.0199856233657525
42804-1747,Kağıthane / Merkez,109.0,25.0,2.5,5.347337324932842,2.1389349299731357
104482-23,Küçükçekmece / Fevzi Çakmak,35.0,25.0,0.7,1.86587637956545,2.6655376850934993
104482-21,Küçükçekmece / Diğer,85.0,25.0,1.5,3.2800753765586315,2.186716917705753
42003-7211,Pendik / Dumlupınar,92.0,2.0,6.649,14.193465439343788,2.1346767091808965
0-46235563,Sancaktepe / Osmangazi,145.0,23.0,2.1,4.401402742301233,2.0959060677624928
78519-8852,Sarıyer / Diğer,90.0,30.0,1.85,5.753830021552031,3.110178390028126
78519-8688,Sarıyer / Diğer,120.0,32.0,3.5,8.246454615957218,2.356129890273492
129150-425,Sarıyer / Emirgan,80.0,29.0,4.75,10.421483546992565,2.193996536208959
129150-427,Sarıyer / Emirgan,80.0,31.0,4.75,14.02040280530956,2.9516637484862205
129150-446,Sarıyer / Emirgan,80.0,31.0,4.75,10.035824272857425,2.1128051100752456
123075-4802,Sarıyer / Ferahevler,190.0,25.0,23.5,47.6966745816607,2.029645726879182
125847-512,Sarıyer / Diğer,70.0,35.0,3.0,7.0264893224214635,2.3421631074738194
3676-6785,Sarıyer / Rumeli Hisarı,120.0,25.0,6.2,13.817339683938114,2.2286031748287294
78519-7235,Sarıyer / Tarabya,200.0,30.0,13.0,28.760372664278698,2.212336358790671
77474-2654,Tuzla / Postane,90.0,30.0,3.55,7.9744192448331805,2.2463152802347004
156481-176,Ümraniye / Namık Kemal,130.0,16.0,4.775,10.611675751080904,2.2223404714305555
21278-9736,Üsküdar / Salacak,65.0,0.0,4.8,10.526605080463952,2.1930427250966567
135098-410,Üsküdar / Diğer,100.0,26.0,4.2,11.250829050973417,2.678768821660338
138800-325,Üsküdar / Diğer,87.0,16.0,5.5,11.377806488968835,2.0686920889034215
163446-15,Üsküdar / Diğer,90.0,30.0,6.5,15.406332036119348,2.370204928633744
129138-1023,Üsküdar / Çengelköy,300.0,1.0,30.0,63.330685895974504,2.1110228631991537
77929-3106,Şişli / Halaskargazi,160.0,35.0,11.5,26.25132856162961,2.282724222750398
4206-1008,Şişli / Halide Edip Adıvar,85.0,17.0,1.98,4.707371469998522,2.377460338383092
74348-5443,Şişli / Harbiye,135.0,35.0,11.25,35.92472793010609,3.19330914934276
104087-4006,Şişli / Harbiye,180.0,31.0,27.0,60.110637931577934,2.2263199233917765
133574-184,Şişli / Merkez,85.0,9.0,2.75,8.43834322490534,3.068488445420125
8496-4683,Şişli / Teşvikiye,65.0,31.0,5.9,14.233235511409935,2.4124127985440578
36753-2810,Şişli / Teşvikiye,100.0,40.0,6.7,14.811434387385413,2.210661848863493
144355-990,Şişli / Teşvikiye,160.0,31.0,20.5,45.0401984777828,2.1970828525747734
